{"cameraMode":{"drawMode":0,"name":"Shaded","section":"Shading Mode"},"sceneLighting":false,"audioPlay":false,"sceneViewState":{"showFog":true,"showMaterialUpdate":false,"showSkybox":true,"showFlares":true,"showImageEffects":true,"showParticleSystems":true},"in2DMode":false,"pivot":{"x":1.137826681137085,"y":6.4024658203125,"z":-2.397256851196289},"rotation":{"x":0.5083792805671692,"y":-0.4107303023338318,"z":0.3006097376346588,"w":0.6946113705635071},"size":2.200259208679199,"orthographic":false}